{"cameraMode":{"drawMode":0,"name":"Shaded","section":"Shading Mode"},"sceneLighting":false,"audioPlay":false,"sceneViewState":{"m_AlwaysRefresh":false,"showFog":true,"showSkybox":false,"showFlares":true,"showImageEffects":true,"showParticleSystems":true,"showVisualEffectGraphs":true,"m_FxEnabled":true},"in2DMode":false,"pivot":{"x":0.0000011175870895385743,"y":-0.2860676944255829,"z":-0.3720095455646515},"rotation":{"x":0.28605249524116518,"y":0.6855782270431519,"z":-0.33849790692329409,"w":0.5780550241470337},"size":0.6508540511131287,"orthographic":false}