{"cameraMode":{"drawMode":0,"name":"Shaded","section":"Shading Mode"},"sceneLighting":false,"audioPlay":false,"sceneViewState":{"m_AlwaysRefresh":false,"showFog":true,"showSkybox":false,"showFlares":true,"showImageEffects":true,"showParticleSystems":true,"showVisualEffectGraphs":true,"m_FxEnabled":true},"in2DMode":false,"pivot":{"x":-0.0000013709068298339844,"y":0.12828552722930909,"z":5.960464477539063e-8},"rotation":{"x":0.537376880645752,"y":-0.4391327202320099,"z":0.38985151052474978,"w":0.6053433418273926},"size":1.1363874673843384,"orthographic":false}