{"cameraMode":{"drawMode":0,"name":"Shaded","section":"Shading Mode"},"sceneLighting":false,"audioPlay":false,"sceneViewState":{"m_AlwaysRefresh":false,"showFog":true,"showSkybox":false,"showFlares":true,"showImageEffects":true,"showParticleSystems":true,"showVisualEffectGraphs":true,"m_FxEnabled":true},"in2DMode":false,"pivot":{"x":0.1149635910987854,"y":0.04342871904373169,"z":0.2187044620513916},"rotation":{"x":0.06484504044055939,"y":0.935351550579071,"z":-0.2281518131494522,"w":0.2635023593902588},"size":0.9185298681259155,"orthographic":false}