{"cameraMode":{"drawMode":0,"name":"Shaded","section":"Shading Mode"},"sceneLighting":false,"audioPlay":false,"sceneViewState":{"m_AlwaysRefresh":false,"showFog":true,"showSkybox":false,"showFlares":true,"showImageEffects":true,"showParticleSystems":true,"showVisualEffectGraphs":true,"m_FxEnabled":true},"in2DMode":false,"pivot":{"x":-0.005241475999355316,"y":0.032352548092603686,"z":-0.012940555810928345},"rotation":{"x":0.15387189388275147,"y":-0.5412697196006775,"z":0.10151396691799164,"w":0.8204147815704346},"size":0.07012008875608444,"orthographic":false}