{"cameraMode":{"drawMode":0,"name":"Shaded","section":"Shading Mode"},"sceneLighting":false,"audioPlay":false,"sceneViewState":{"m_AlwaysRefresh":false,"showFog":true,"showSkybox":false,"showFlares":true,"showImageEffects":true,"showParticleSystems":true,"showVisualEffectGraphs":true,"m_FxEnabled":true},"in2DMode":false,"pivot":{"x":0.000006318092346191406,"y":0.6319505572319031,"z":0.15795838832855225},"rotation":{"x":0.28605249524116518,"y":0.6855782270431519,"z":-0.33849790692329409,"w":0.5780550241470337},"size":1.3186671733856202,"orthographic":false}