{"cameraMode":{"drawMode":0,"name":"Shaded","section":"Shading Mode"},"sceneLighting":false,"audioPlay":false,"sceneViewState":{"m_AlwaysRefresh":false,"showFog":true,"showSkybox":false,"showFlares":true,"showImageEffects":true,"showParticleSystems":true,"showVisualEffectGraphs":true,"m_FxEnabled":true},"in2DMode":false,"pivot":{"x":0.000006794929504394531,"y":0.44295167922973635,"z":-0.0032461881637573244},"rotation":{"x":0.28605249524116518,"y":0.6855782270431519,"z":-0.33849790692329409,"w":0.5780550241470337},"size":1.05880868434906,"orthographic":false}